"","ENTIDAD","NOM_ENT","MUN","NOM_MUN","LOC","NOM_LOC","VPH_RADIO","VPH_TV","VPH_PC","VPH_TELEF","VPH_CEL","VPH_INTER","TOTHOG","VPH_SINTIC","VPH_SINCINT","VIVTOT","Porcentaje_Internet","Porcentaje_Celular","Porcentaje_TV","Porcentaje_PC","Porcentaje_SinInternet_PC","Porcentaje_SinTic","Categorias"
"1",30,"Veracruz de Ignacio de la Llave",1,"Acajete",0,"Total del Municipio","1959","2216","355","251","1861","500","2630","142","2033",3256,15.3562653562654,57.1560196560197,68.0589680589681,10.9029484029484,62.4385749385749,4.36117936117936,"bajo"
"2",30,"Veracruz de Ignacio de la Llave",2,"Acatlán",0,"Total del Municipio","600","770","118","90","719","208","863","27","618",1164,17.8694158075601,61.7697594501718,66.1512027491409,10.1374570446735,53.0927835051546,2.31958762886598,"bajo"
"3",30,"Veracruz de Ignacio de la Llave",3,"Acayucan",0,"Total del Municipio","13053","19757","4939","5591","19735","7336","23823","1135","15304",29657,24.7361499814546,66.5441548369694,66.618336311832,16.6537411066527,51.6033314225984,3.82708972586573,"medio"
"4",30,"Veracruz de Ignacio de la Llave",4,"Actopan",0,"Total del Municipio","9654","12449","2516","3505","10401","4363","13456","273","8363",17854,24.4371009297636,58.2558530301333,69.7266718942534,14.0920802061163,46.8410440237482,1.52906911616444,"medio"
"5",30,"Veracruz de Ignacio de la Llave",5,"Acula",0,"Total del Municipio","1012","1449","195","136","1417","294","1704","74","1323",2032,14.4685039370079,69.7342519685039,71.3090551181102,9.59645669291339,65.1082677165354,3.64173228346457,"bajo"
"6",30,"Veracruz de Ignacio de la Llave",6,"Acultzingo",0,"Total del Municipio","3004","4924","556","162","4393","1025","5990","516","4779",7284,14.0719384953322,60.3102690829215,67.6002196595277,7.63316858868753,65.6095551894563,7.0840197693575,"bajo"
"7",30,"Veracruz de Ignacio de la Llave",7,"Camarón de Tejeda",0,"Total del Municipio","1213","1745","225","258","1530","356","1930","56","1489",2267,15.70357300397,67.4900749889722,76.9739744155271,9.92501102779003,65.6815174239082,2.47022496691663,"bajo"
"8",30,"Veracruz de Ignacio de la Llave",8,"Alpatláhuac",0,"Total del Municipio","1628","2026","166","251","1391","498","2513","201","1983",3191,15.606392980257,43.59135067377,63.4910686305234,5.20213099341899,62.1435286743967,6.29896584142902,"bajo"
"9",30,"Veracruz de Ignacio de la Llave",9,"Alto Lucero de Gutiérrez Barrios",0,"Total del Municipio","5499","7954","1374","2443","6163","3166","8829","296","5318",11864,26.6857720836143,51.9470667565745,67.0431557653405,11.5812542144302,44.8246797033041,2.49494268374916,"medio"
"10",30,"Veracruz de Ignacio de la Llave",10,"Altotonga",0,"Total del Municipio","10258","13747","2007","1770","12715","4010","16706","1029","12197",21708,18.4724525520545,58.572876358946,63.3268840980284,9.24543946932007,56.186659296112,4.74018794914317,"bajo"
"11",30,"Veracruz de Ignacio de la Llave",11,"Alvarado",0,"Total del Municipio","10346","17049","6196","6017","15976","8369","18444","486","9421",26243,31.890408870937,60.8771862972983,64.9658956674161,23.6101055519567,35.899096902031,1.85192241740655,"alto"
"12",30,"Veracruz de Ignacio de la Llave",12,"Amatitlán",0,"Total del Municipio","1693","2359","377","629","1998","529","2732","133","2050",3349,15.7957599283368,59.6595998805614,70.4389369961182,11.257091669155,61.2123021797551,3.97133472678411,"bajo"
"13",30,"Veracruz de Ignacio de la Llave",13,"Naranjos Amatlán",0,"Total del Municipio","4968","7555","2548","3149","7374","3730","8369","171","4192",10405,35.8481499279193,70.8697741470447,72.6093224411341,24.4882268140317,40.2883229216723,1.64344065353196,"alto"
"14",30,"Veracruz de Ignacio de la Llave",14,"Amatlán de los Reyes",0,"Total del Municipio","9166","11833","2767","2958","11203","5436","13302","363","7354",17602,30.8828542211112,63.6461765708442,67.225315305079,15.7198045676628,41.7793432564481,2.0622656516305,"alto"
"15",30,"Veracruz de Ignacio de la Llave",15,"Angel R. Cabada",0,"Total del Municipio","6211","9106","1426","1546","8616","3092","10876","515","7334",13994,22.0951836501358,61.5692439616979,65.0707446048307,10.1900814634844,52.4081749321138,3.68014863512934,"medio"
"16",30,"Veracruz de Ignacio de la Llave",16,"La Antigua",0,"Total del Municipio","5921","8432","2632","2408","8211","4424","9174","142","4300",12356,35.8044674651991,66.4535448365167,68.2421495629654,21.3013920362577,34.8009064422143,1.14923923599871,"alto"
"17",30,"Veracruz de Ignacio de la Llave",17,"Apazapan",0,"Total del Municipio","975","1382","260","341","1160","351","1520","52","1079",1823,19.2539769610532,63.6313768513439,75.809105869446,14.2622051563357,59.1881513987932,2.85244103126714,"medio"
"18",30,"Veracruz de Ignacio de la Llave",18,"Aquila",0,"Total del Municipio","199","378","4","2","295","67","486","59","415",631,10.6180665610143,46.7511885895404,59.904912836767,0.63391442155309,65.7686212361331,9.35023771790808,"Muy bajo"
"19",30,"Veracruz de Ignacio de la Llave",19,"Astacinga",0,"Total del Municipio","599","972","66","59","1364","533","1694","195","1135",2241,23.7840249888443,60.8656849620705,43.3734939759036,2.94511378848728,50.6470325747434,8.70147255689424,"medio"
"20",30,"Veracruz de Ignacio de la Llave",20,"Atlahuilco",0,"Total del Municipio","1411","1983","125","186","1586","385","2954","452","2511",3284,11.7235079171742,48.2947624847747,60.3836784409257,3.80633373934227,76.4616321559074,13.7637028014616,"Muy bajo"
"21",30,"Veracruz de Ignacio de la Llave",21,"Atoyac",0,"Total del Municipio","4826","6311","1432","1771","5891","2060","7094","223","4614",8705,23.6645605973578,67.6737507179782,72.4985640436531,16.4503159103963,53.0040206777714,2.56174612291786,"medio"
"22",30,"Veracruz de Ignacio de la Llave",22,"Atzacan",0,"Total del Municipio","3730","4693","721","820","4211","1381","5630","392","4068",6731,20.5170108453424,62.5612836131333,69.7221809537959,10.7116327440202,60.4367850245134,5.82380032684594,"medio"
"23",30,"Veracruz de Ignacio de la Llave",23,"Atzalan",0,"Total del Municipio","8315","11333","1116","1333","10399","2548","14103","895","11063",17622,14.4591987288616,59.0114629440472,64.3116558846896,6.33299284984678,62.7794801952105,5.07887867438429,"bajo"
"24",30,"Veracruz de Ignacio de la Llave",24,"Tlaltetela",0,"Total del Municipio","2982","3783","377","286","2945","783","4274","211","3355",5023,15.5882938482978,58.6303006171611,75.3135576348796,7.5054748158471,66.7927533346606,4.20067688632292,"bajo"
"25",30,"Veracruz de Ignacio de la Llave",25,"Ayahualulco",0,"Total del Municipio","4228","5471","210","627","3196","925","6422","434","5432",8092,11.4310430054375,39.4957983193277,67.6099851705388,2.59515570934256,67.1280276816609,5.36332179930796,"Muy bajo"
"26",30,"Veracruz de Ignacio de la Llave",26,"Banderilla",0,"Total del Municipio","5639","7098","3304","2660","6988","4537","7607","85","2699",9351,48.5188749866324,74.7299754037001,75.9063201796599,35.333119452465,28.8632231846861,0.908993690514384,"alto"
"27",30,"Veracruz de Ignacio de la Llave",27,"Benito Juárez",0,"Total del Municipio","2377","2622","295","395","1647","438","4383","927","3809",5191,8.43768060104026,31.7279907532267,50.5104989404739,5.68291273357735,73.3769986515122,17.8578308611058,"Muy bajo"
"28",30,"Veracruz de Ignacio de la Llave",28,"Boca del Río",0,"Total del Municipio","33769","45107","25475","23693","44772","34759","47796","368","11466",59184,58.7304001081373,75.6488240064882,76.2148553663152,43.0437280346039,19.3734793187348,0.621789672884563,"alto"
"29",30,"Veracruz de Ignacio de la Llave",29,"Calcahualco",0,"Total del Municipio","2055","2660","118","416","1843","413","3095","202","2608",3930,10.5089058524173,46.8956743002545,67.6844783715013,3.00254452926209,66.3613231552163,5.13994910941476,"Muy bajo"
"30",30,"Veracruz de Ignacio de la Llave",30,"Camerino Z. Mendoza",0,"Total del Municipio","6983","10759","3903","4358","9665","5334","11734","382","5850",13763,38.7560851558526,70.2245150039962,78.1733633655453,28.3586427377752,42.5052677468575,2.77555765458112,"alto"
"31",30,"Veracruz de Ignacio de la Llave",31,"Carrillo Puerto",0,"Total del Municipio","2772","4258","238","141","4071","508","5048","226","4415",6083,8.35114252835772,66.9242150254808,69.9983560743054,3.91254315304948,72.5793194147625,3.71527206970245,"Muy bajo"
"32",30,"Veracruz de Ignacio de la Llave",32,"Catemaco",0,"Total del Municipio","8044","11460","2126","2187","11053","4541","13745","713","8647",17215,26.3781585826314,64.2056346209701,66.5698518733662,12.3496950334011,50.229451060122,4.14173685739181,"medio"
"33",30,"Veracruz de Ignacio de la Llave",33,"Cazones de Herrera",0,"Total del Municipio","3787","5829","621","998","4967","739","7042","448","6016",9247,7.9917811182005,53.714718287012,63.036660538553,6.71569157564616,65.058938033957,4.8448145344436,"Muy bajo"
"34",30,"Veracruz de Ignacio de la Llave",34,"Cerro Azul",0,"Total del Municipio","4962","7075","2604","3456","6697","3625","7804","154","3728",9950,36.4321608040201,67.3065326633166,71.105527638191,26.1708542713568,37.4673366834171,1.54773869346734,"alto"
"35",30,"Veracruz de Ignacio de la Llave",35,"Citlaltépetl",0,"Total del Municipio","1793","2619","298","204","2672","346","3355","251","2874",4184,8.26959847036329,63.8623326959847,62.5956022944551,7.12237093690249,68.6902485659656,5.99904397705545,"Muy bajo"
"36",30,"Veracruz de Ignacio de la Llave",36,"Coacoatzintla",0,"Total del Municipio","1998","2464","393","299","2454","712","2873","94","2049",3720,19.1397849462366,65.9677419354839,66.2365591397849,10.5645161290323,55.0806451612903,2.52688172043011,"medio"
"37",30,"Veracruz de Ignacio de la Llave",37,"Coahuitlán",0,"Total del Municipio","739","1303","61","44","1516","83","1973","203","1862",2320,3.57758620689655,65.3448275862069,56.1637931034483,2.62931034482759,80.2586206896552,8.75,"Muy bajo"
"38",30,"Veracruz de Ignacio de la Llave",38,"Coatepec",0,"Total del Municipio","20135","25121","11187","11531","24043","15771","27362","416","10244",34938,45.1399622187876,68.8161886770851,71.9016543591505,32.0195775373519,29.3205106188105,1.19068063426641,"alto"
"39",30,"Veracruz de Ignacio de la Llave",39,"Coatzacoalcos",0,"Total del Municipio","64968","89414","37879","38967","91157","56455","98204","1182","36742",132369,42.6497140569167,68.8658220580347,67.5490484932273,28.6162167879186,27.7572543420287,0.892958321057045,"alto"
"40",30,"Veracruz de Ignacio de la Llave",40,"Coatzintla",0,"Total del Municipio","10936","14494","5248","5769","14176","8586","16157","399","6894",19211,44.6931445526001,73.7910572068086,75.4463588569049,27.3176825776899,35.8856904898235,2.07693508927177,"alto"
"41",30,"Veracruz de Ignacio de la Llave",41,"Coetzala",0,"Total del Municipio","303","459","59","16","397","76","641","105","539",729,10.4252400548697,54.4581618655693,62.962962962963,8.09327846364883,73.9368998628258,14.40329218107,"Muy bajo"
"42",30,"Veracruz de Ignacio de la Llave",42,"Colipa",0,"Total del Municipio","997","1409","244","245","1394","459","1847","159","1324",2546,18.0282796543598,54.7525530243519,55.3417124901807,9.58366064414768,52.0031421838178,6.24509033778476,"bajo"
"43",30,"Veracruz de Ignacio de la Llave",43,"Comapa",0,"Total del Municipio","3515","4630","403","626","3484","701","5362","321","4454",6568,10.6729598051157,53.0450669914738,70.4933008526188,6.13580998781973,67.8136419001218,4.88733252131547,"Muy bajo"
"44",30,"Veracruz de Ignacio de la Llave",44,"Córdoba",0,"Total del Municipio","44478","56825","23068","24321","55219","35142","61934","995","23996",76962,45.6614952833866,71.7483953119721,73.8351394194538,29.9732335438268,31.1790234141524,1.29284582001507,"alto"
"45",30,"Veracruz de Ignacio de la Llave",45,"Cosamaloapan de Carpio",0,"Total del Municipio","12625","16243","4041","4528","15742","6852","18411","590","10793",24166,28.353885624431,65.1411073408922,67.2142679798063,16.7218406024994,44.6619217081851,2.44144666059753,"alto"
"46",30,"Veracruz de Ignacio de la Llave",46,"Cosautlán de Carvajal",0,"Total del Municipio","3221","3788","511","483","3218","743","4457","215","3519",5446,13.6430407638634,59.0892398090342,69.5556371648917,9.38303341902314,64.6162320969519,3.94785163422696,"bajo"
"47",30,"Veracruz de Ignacio de la Llave",47,"Coscomatepec",0,"Total del Municipio","7194","12110","1600","1300","10283","2664","14325","954","11150",17353,15.3518123667377,59.2577652279145,69.7862041145623,9.22030772777041,64.2540194779001,5.49760848268311,"bajo"
"48",30,"Veracruz de Ignacio de la Llave",48,"Cosoleacaque",0,"Total del Municipio","26190","35318","11323","11043","36522","17927","40691","1043","20557",51398,34.87878905794,71.0572395813067,68.7147359819448,22.0300400793805,39.9957196778085,2.02926183898206,"alto"
"49",30,"Veracruz de Ignacio de la Llave",49,"Cotaxtla",0,"Total del Municipio","3653","5593","782","390","5482","1564","6556","240","4683",8096,19.3181818181818,67.7124505928854,69.0834980237154,9.65909090909091,57.8433794466403,2.96442687747036,"medio"
"50",30,"Veracruz de Ignacio de la Llave",50,"Coxquihui",0,"Total del Municipio","2290","3080","290","313","2740","1027","4025","340","2901",4511,22.7665706051873,60.7404123254267,68.2775437818665,6.42872977166925,64.3094657503879,7.53713145643981,"medio"
"51",30,"Veracruz de Ignacio de la Llave",51,"Coyutla",0,"Total del Municipio","3101","4573","537","1049","4060","935","6058","529","4948",7290,12.8257887517147,55.6927297668038,62.7297668038409,7.36625514403292,67.8737997256516,7.25651577503429,"bajo"
"52",30,"Veracruz de Ignacio de la Llave",52,"Cuichapa",0,"Total del Municipio","2102","2952","390","433","2570","651","3393","161","2600",4349,14.9689583812371,59.0940446079559,67.8776730282824,8.96757875373649,59.7838583582433,3.70200045987583,"bajo"
"53",30,"Veracruz de Ignacio de la Llave",53,"Cuitláhuac",0,"Total del Municipio","5194","7230","1825","2117","6840","3138","8054","189","4500",10188,30.8009422850412,67.1378091872791,70.9658421672556,17.9132312524539,44.1696113074205,1.85512367491166,"alto"
"54",30,"Veracruz de Ignacio de la Llave",54,"Chacaltianguis",0,"Total del Municipio","2595","3411","464","779","3122","887","3998","200","2937",4869,18.2172930786609,64.1199424933251,70.0554528650647,9.5296775518587,60.3203943314849,4.10761963442185,"bajo"
"55",30,"Veracruz de Ignacio de la Llave",55,"Chalma",0,"Total del Municipio","2414","3054","438","566","2684","340","3821","242","3226",4830,7.03933747412008,55.5693581780538,63.2298136645963,9.06832298136646,66.7908902691511,5.01035196687371,"Muy bajo"
"56",30,"Veracruz de Ignacio de la Llave",56,"Chiconamel",0,"Total del Municipio","1076","1337","198","321","1032","205","1730","166","1413",2081,9.85103315713599,49.5915425276309,64.2479577126382,9.51465641518501,67.9000480538203,7.97693416626622,"Muy bajo"
"57",30,"Veracruz de Ignacio de la Llave",57,"Chiconquiaco",0,"Total del Municipio","2118","2583","155","441","1901","382","3339","314","2887",4510,8.47006651884701,42.1507760532151,57.2727272727273,3.43680709534368,64.0133037694013,6.96230598669623,"Muy bajo"
"58",30,"Veracruz de Ignacio de la Llave",58,"Chicontepec",0,"Total del Municipio","9160","12496","1584","3038","9217","1878","15201","1029","12542",17301,10.8548638807005,53.2743772036299,72.2270388994856,9.15554014218831,72.4929194844229,5.94763308479279,"Muy bajo"
"59",30,"Veracruz de Ignacio de la Llave",59,"Chinameca",0,"Total del Municipio","4096","5730","983","891","5869","1449","7092","360","5271",8379,17.2932330827068,70.0441580140828,68.3852488363767,11.7317102279508,62.9072681704261,4.29645542427497,"bajo"
"60",30,"Veracruz de Ignacio de la Llave",60,"Chinampa de Gorostiza",0,"Total del Municipio","2443","3928","489","490","3626","1112","4669","273","3414",5365,20.7269338303821,67.5862068965517,73.215284249767,9.11463187325256,63.6346691519105,5.08853681267474,"medio"
"61",30,"Veracruz de Ignacio de la Llave",61,"Las Choapas",0,"Total del Municipio","8630","17432","3588","4451","17438","7587","22433","1990","13981",27043,28.05531930629,64.4824908479089,64.4603039603594,13.267758754576,51.6991458048293,7.35865103723699,"alto"
"62",30,"Veracruz de Ignacio de la Llave",62,"Chocamán",0,"Total del Municipio","3357","4500","757","448","4177","1299","5206","267","3642",6227,20.8607676248595,67.0788501686205,72.2659386542476,12.1567367913923,58.4872330175044,4.28777902681869,"medio"
"63",30,"Veracruz de Ignacio de la Llave",63,"Chontla",0,"Total del Municipio","2340","3302","272","344","3217","456","4138","278","3571",4980,9.1566265060241,64.5983935742972,66.3052208835341,5.46184738955823,71.7068273092369,5.58232931726908,"Muy bajo"
"64",30,"Veracruz de Ignacio de la Llave",64,"Chumatlán",0,"Total del Municipio","603","807","53","27","698","58","1112","133","1031",1278,4.53834115805947,54.6165884194053,63.1455399061033,4.1471048513302,80.6729264475743,10.4068857589984,"Muy bajo"
"65",30,"Veracruz de Ignacio de la Llave",65,"Emiliano Zapata",0,"Total del Municipio","19397","25324","11723","8842","24744","15248","27258","343","10486",36813,41.4201504903159,67.2153858691223,68.7909162524108,31.8447287642952,28.4845027571782,0.931736071496482,"alto"
"66",30,"Veracruz de Ignacio de la Llave",66,"Espinal",0,"Total del Municipio","3860","6241","658","926","4682","1133","7344","488","5923",8869,12.7748336903822,52.790619010035,70.3686999661743,7.4191002367798,66.7831773593415,5.50231142180629,"bajo"
"67",30,"Veracruz de Ignacio de la Llave",67,"Filomeno Mata",0,"Total del Municipio","775","2440","153","14","2345","203","3638","617","3369",3917,5.18253765636967,59.8672453408221,62.2925708450345,3.90605054888946,86.0097013020169,15.7518509063058,"Muy bajo"
"68",30,"Veracruz de Ignacio de la Llave",68,"Fortín",0,"Total del Municipio","15313","18544","8217","8494","17959","11808","19973","285","7199",24609,47.9824454467878,72.9773660043074,75.3545450851314,33.3902230891137,29.2535251330814,1.15811288552968,"alto"
"69",30,"Veracruz de Ignacio de la Llave",69,"Gutiérrez Zamora",0,"Total del Municipio","5399","6961","1523","1513","6589","2925","7681","163","4490",9813,29.8073983491287,67.1456231529604,70.9365127891572,15.5202282686233,45.7556302863548,1.66106185672068,"alto"
"70",30,"Veracruz de Ignacio de la Llave",70,"Hidalgotitlán",0,"Total del Municipio","2080","3828","554","553","3709","1515","5308","475","3563",6146,24.6501789781972,60.3481939472828,62.2844126260983,9.01399284087211,57.9726651480638,7.72860397006183,"medio"
"71",30,"Veracruz de Ignacio de la Llave",71,"Huatusco",0,"Total del Municipio","11275","14306","4110","3520","13436","4612","16093","475","10285",20404,22.6034110958636,65.8498333660067,70.1137031954519,20.1431091942756,50.4067829837287,2.327974906881,"medio"
"72",30,"Veracruz de Ignacio de la Llave",72,"Huayacocotla",0,"Total del Municipio","4639","4675","727","690","4169","798","6135","321","5025",9109,8.76056647271929,45.7679218355473,51.3228674936876,7.98111757602371,55.1652212097925,3.52398726534197,"Muy bajo"
"73",30,"Veracruz de Ignacio de la Llave",73,"Hueyapan de Ocampo",0,"Total del Municipio","6880","9819","1146","1850","8737","2928","12651","1237","9324",14907,19.6417790299859,58.6100489702824,65.8683839806802,7.68766351378547,62.5477963372912,8.29811497953981,"medio"
"74",30,"Veracruz de Ignacio de la Llave",74,"Huiloapan de Cuauhtémoc",0,"Total del Municipio","1526","1837","496","479","1743","772","2018","45","1155",2428,31.7957166392092,71.7874794069193,75.658978583196,20.4283360790774,47.5700164744646,1.85337726523888,"alto"
"75",30,"Veracruz de Ignacio de la Llave",75,"Ignacio de la Llave",0,"Total del Municipio","2722","4714","610","757","4045","1357","5663","390","4107",7601,17.8529140902513,53.2166820155243,62.0181555058545,8.02525983423234,54.0323641626102,5.13090382844363,"bajo"
"76",30,"Veracruz de Ignacio de la Llave",76,"Ilamatlán",0,"Total del Municipio","1530","2193","126","534","1299","539","3712","942","3126",5289,10.19096237474,24.5604083947816,41.4634146341463,2.38230289279637,59.103800340329,17.8105501985252,"Muy bajo"
"77",30,"Veracruz de Ignacio de la Llave",77,"Isla",0,"Total del Municipio","6514","10865","1832","2312","10596","3675","13268","837","9159",16773,21.9102128420676,63.1729565372921,64.7767244977046,10.9223156263042,54.6056161688428,4.99016276158111,"medio"
"78",30,"Veracruz de Ignacio de la Llave",78,"Ixcatepec",0,"Total del Municipio","2196","2915","286","554","2782","237","3745","258","3345",4187,5.66037735849057,66.4437544781466,69.620253164557,6.83066634822068,79.890136135658,6.16192978266062,"Muy bajo"
"79",30,"Veracruz de Ignacio de la Llave",79,"Ixhuacán de los Reyes",0,"Total del Municipio","2225","2513","184","184","1743","362","3071","194","2613",3982,9.09090909090909,43.7719738824711,63.1089904570568,4.62079357106981,65.620291310899,4.87192365645404,"Muy bajo"
"80",30,"Veracruz de Ignacio de la Llave",80,"Ixhuatlán del Café",0,"Total del Municipio","4235","5175","672","808","4558","1376","5964","258","4349",7079,19.4377736968498,64.3876253708151,73.103545698545,9.49286622404294,61.4352309648255,3.64458256815934,"medio"
"81",30,"Veracruz de Ignacio de la Llave",81,"Ixhuatlancillo",0,"Total del Municipio","5542","7091","2222","1963","6904","2976","7851","203","4508",9603,30.990315526398,71.8941997292513,73.8415078621264,23.1386025200458,46.9436634385088,2.11392273247943,"alto"
"82",30,"Veracruz de Ignacio de la Llave",82,"Ixhuatlán del Sureste",0,"Total del Municipio","3071","4166","974","1007","4145","1359","4782","155","3145",6011,22.6085509898519,68.9569123273998,69.3062718349692,16.2036266844119,52.3207453002828,2.57860588920313,"medio"
"83",30,"Veracruz de Ignacio de la Llave",83,"Ixhuatlán de Madero",0,"Total del Municipio","8252","10342","1035","1991","6368","1060","14055","1624","12239",15888,6.67170191339376,40.0805639476334,65.0931520644512,6.51435045317221,77.0329808660624,10.2215508559919,"Muy bajo"
"84",30,"Veracruz de Ignacio de la Llave",84,"Ixmatlahuacan",0,"Total del Municipio","1010","1562","177","276","1465","262","1924","128","1573",2541,10.3109012199921,57.6544667453758,61.4718614718615,6.96576151121606,61.9047619047619,5.03738685556867,"Muy bajo"
"85",30,"Veracruz de Ignacio de la Llave",85,"Ixtaczoquitlán",0,"Total del Municipio","14856","18872","5893","5292","18464","8369","20866","430","11455",23984,34.8940960640427,76.9846564376251,78.685790527018,24.5705470313542,47.7610073382255,1.79286190793863,"alto"
"86",30,"Veracruz de Ignacio de la Llave",86,"Jalacingo",0,"Total del Municipio","7569","10522","1033","883","9003","3229","11590","369","8119",14007,23.0527593346184,64.2750053544656,75.1195830656101,7.37488398657814,57.9638752052545,2.6343970871707,"medio"
"87",30,"Veracruz de Ignacio de la Llave",87,"Xalapa",0,"Total del Municipio","109993","140164","80046","70177","141352","104212","151258","1010","40385",195268,53.3687035254112,72.3887170452916,71.7803224286621,40.9928918204724,20.6818321486367,0.517237847471168,"alto"
"88",30,"Veracruz de Ignacio de la Llave",88,"Jalcomulco",0,"Total del Municipio","1046","1445","285","204","1051","466","1632","72","1071",2210,21.0859728506787,47.5565610859728,65.3846153846154,12.89592760181,48.4615384615385,3.2579185520362,"medio"
"89",30,"Veracruz de Ignacio de la Llave",89,"Jáltipan",0,"Total del Municipio","6928","10210","2693","3117","10452","3983","12266","456","7669",14787,26.9358220058159,70.6837086630148,69.0471359978359,18.2119429228376,51.8631230134578,3.08378981537837,"medio"
"90",30,"Veracruz de Ignacio de la Llave",90,"Jamapa",0,"Total del Municipio","2107","3196","481","323","3025","1016","3617","115","2450",4551,22.3247637881784,66.4689079323226,70.2263238848605,10.5691056910569,53.8343221270051,2.5269171610635,"medio"
"91",30,"Veracruz de Ignacio de la Llave",91,"Jesús Carranza",0,"Total del Municipio","3245","6223","1024","1706","6101","2399","8206","534","5467",9959,24.0887639321217,61.2611708002811,62.4861933929109,10.2821568430565,54.8950697861231,5.36198413495331,"medio"
"92",30,"Veracruz de Ignacio de la Llave",92,"Xico",0,"Total del Municipio","7164","8727","2255","2488","7425","3499","10248","441","6355",12157,28.7817718187053,61.0759233363494,71.7858024183598,18.5489841243728,52.2744098050506,3.62753968906803,"alto"
"93",30,"Veracruz de Ignacio de la Llave",93,"Jilotepec",0,"Total del Municipio","3477","4166","997","1121","3768","1656","4634","137","2786",5859,28.2642089093702,64.3113159242191,71.1042840075098,17.0165557262331,47.5507765830346,2.33828298344427,"alto"
"94",30,"Veracruz de Ignacio de la Llave",94,"Juan Rodríguez Clara",0,"Total del Municipio","6563","9672","1205","1553","9279","2480","11743","656","8842",14169,17.5029995059637,65.4880372644506,68.2616980732585,8.50448161479286,62.4038393676336,4.62982567577105,"bajo"
"95",30,"Veracruz de Ignacio de la Llave",95,"Juchique de Ferrer",0,"Total del Municipio","2311","3670","515","957","3124","1018","4694","355","3437",6527,15.5967519534242,47.8627240692508,56.2279760992799,7.89030182319595,52.6581890608243,5.43894591696032,"bajo"
"96",30,"Veracruz de Ignacio de la Llave",96,"Landero y Coss",0,"Total del Municipio","335","376","47","155","253","133","425","20","274",751,17.7097203728362,33.6884154460719,50.0665778961385,6.25832223701731,36.4846870838882,2.66311584553928,"bajo"
"97",30,"Veracruz de Ignacio de la Llave",97,"Lerdo de Tejada",0,"Total del Municipio","4054","5909","1449","2067","5470","2626","6585","202","3682",8540,30.7494145199063,64.0515222482436,69.192037470726,16.9672131147541,43.1147540983607,2.36533957845433,"alto"
"98",30,"Veracruz de Ignacio de la Llave",98,"Magdalena",0,"Total del Municipio","442","542","65","22","534","110","855","134","723",986,11.1561866125761,54.158215010142,54.9695740365112,6.59229208924949,73.3265720081136,13.5902636916836,"Muy bajo"
"99",30,"Veracruz de Ignacio de la Llave",99,"Maltrata",0,"Total del Municipio","2534","3921","661","737","3399","900","4504","256","3407",5583,16.120365394949,60.8812466415906,70.2310585706609,11.8395128067347,61.0245387784345,4.5853483790077,"bajo"
"100",30,"Veracruz de Ignacio de la Llave",100,"Manlio Fabio Altamirano",0,"Total del Municipio","4816","6835","927","759","6038","2105","7630","289","5307",9290,22.6587728740581,64.994617868676,73.5737351991389,9.97847147470398,57.1259418729817,3.11087190527449,"medio"
"101",30,"Veracruz de Ignacio de la Llave",101,"Mariano Escobedo",0,"Total del Municipio","6645","8880","2383","2844","7352","3497","10299","740","6441",12041,29.0424383356864,61.0580516568391,73.7480275724608,19.790715056889,53.4922348642139,6.14566896437173,"alto"
"102",30,"Veracruz de Ignacio de la Llave",102,"Martínez de la Torre",0,"Total del Municipio","18515","29351","7467","9613","28104","14446","32751","820","16944",41943,34.4419807834442,67.0052213718618,69.9783038886107,17.8027322795222,40.3976825692011,1.95503421309873,"alto"
"103",30,"Veracruz de Ignacio de la Llave",103,"Mecatlán",0,"Total del Municipio","1399","2044","91","49","1886","79","3136","540","3014",3756,2.10330138445154,50.2129925452609,54.419595314164,2.42279020234292,80.2449414270501,14.3769968051118,"Muy bajo"
"104",30,"Veracruz de Ignacio de la Llave",104,"Mecayapan",0,"Total del Municipio","1627","3268","277","147","3401","503","5002","732","4351",6512,7.72420147420147,52.2266584766585,50.1842751842752,4.2536855036855,66.8151105651106,11.2407862407862,"Muy bajo"
"105",30,"Veracruz de Ignacio de la Llave",105,"Medellín de Bravo",0,"Total del Municipio","21552","30261","10826","7299","30627","16509","33232","526","15104",44118,37.4201006391949,69.4206446348429,68.5910512715898,24.5387370234371,34.2354594496577,1.19225712860964,"alto"
"106",30,"Veracruz de Ignacio de la Llave",106,"Miahuatlán",0,"Total del Municipio","773","956","119","48","852","346","1203","73","756",1754,19.7263397947548,48.5746864310148,54.5039908779932,6.78449258836944,43.1014823261117,4.16191562143672,"medio"
"107",30,"Veracruz de Ignacio de la Llave",107,"Las Minas",0,"Total del Municipio","342","516","36","20","391","98","720","81","604",903,10.8527131782946,43.3001107419712,57.1428571428571,3.98671096345515,66.8881506090808,8.97009966777409,"Muy bajo"
"108",30,"Veracruz de Ignacio de la Llave",108,"Minatitlán",0,"Total del Municipio","28029","38872","14681","17480","37717","23231","44981","1873","20124",57889,40.1302492701549,65.1540016237973,67.1491993297518,25.3606039143879,34.7630810689423,3.23550242705868,"alto"
"109",30,"Veracruz de Ignacio de la Llave",109,"Misantla",0,"Total del Municipio","11868","16072","4101","4101","15502","6967","19523","866","11733",25367,27.46481649387,61.1108921039145,63.3579059407892,16.1666732368826,46.253005873773,3.41388418023416,"alto"
"110",30,"Veracruz de Ignacio de la Llave",110,"Mixtla de Altamirano",0,"Total del Municipio","1335","1574","34","23","1574","41","3196","840","3131",3960,1.03535353535354,39.7474747474747,39.7474747474747,0.858585858585859,79.0656565656566,21.2121212121212,"Muy bajo"
"111",30,"Veracruz de Ignacio de la Llave",111,"Moloacán",0,"Total del Municipio","2626","4184","766","759","4131","1363","4959","214","3321",5765,23.642671292281,71.6565481352992,72.5758889852559,13.2870771899393,57.6062445793582,3.71205550737207,"medio"
"112",30,"Veracruz de Ignacio de la Llave",112,"Naolinco",0,"Total del Municipio","4912","6004","1433","1269","5461","2175","6605","158","4070",9660,22.5155279503106,56.5320910973085,62.1532091097308,14.8343685300207,42.1325051759834,1.63561076604555,"medio"
"113",30,"Veracruz de Ignacio de la Llave",113,"Naranjal",0,"Total del Municipio","776","981","116","86","908","213","1224","82","956",1459,14.5990404386566,62.23440712817,67.2378341329678,7.95065113091158,65.5243317340644,5.62028786840302,"bajo"
"114",30,"Veracruz de Ignacio de la Llave",114,"Nautla",0,"Total del Municipio","1532","2880","420","717","2459","852","3377","217","2389",4586,18.5782817269952,53.6197121674662,62.7998255560401,9.15830789358919,52.0933275185347,4.73179241168775,"bajo"
"115",30,"Veracruz de Ignacio de la Llave",115,"Nogales",0,"Total del Municipio","6609","9611","2763","2976","8904","3834","10712","361","6394",13117,29.2292444918808,67.8813753144774,73.2713272852024,21.0642677441488,48.7459022642373,2.75215369367996,"alto"
"116",30,"Veracruz de Ignacio de la Llave",116,"Oluta",0,"Total del Municipio","2506","4043","932","1024","4193","1307","5033","316","3460",5831,22.4146801577774,71.9087635054022,69.3363059509518,15.9835362716515,59.3380209226548,5.41931058137541,"medio"
"117",30,"Veracruz de Ignacio de la Llave",117,"Omealca",0,"Total del Municipio","3806","5479","736","1157","4886","1235","6710","470","5195",8174,15.1088818204062,59.7748960117446,67.0296060680206,9.00415953021776,63.5551749449474,5.74993883043797,"bajo"
"118",30,"Veracruz de Ignacio de la Llave",118,"Orizaba",0,"Total del Municipio","27583","35564","18819","19580","34272","25068","37690","296","10746",44044,56.915811461266,77.8130959949142,80.7465262010717,42.7277268186359,24.3983289437835,0.672055217509763,"alto"
"119",30,"Veracruz de Ignacio de la Llave",119,"Otatitlán",0,"Total del Municipio","1250","1546","336","367","1554","509","1824","74","1211",2336,21.7893835616438,66.5239726027397,66.1815068493151,14.3835616438356,51.8407534246575,3.16780821917808,"medio"
"120",30,"Veracruz de Ignacio de la Llave",120,"Oteapan",0,"Total del Municipio","1730","2515","449","247","2673","537","3039","107","2315",3467,15.488895298529,77.0983559273147,72.541101817133,12.9506778194404,66.7724257282954,3.08624170752812,"bajo"
"121",30,"Veracruz de Ignacio de la Llave",121,"Ozuluama de Mascareñas",0,"Total del Municipio","3179","6008","618","432","6339","1005","7154","265","5864",9091,11.0548894511055,69.7283027169728,66.0873391266087,6.79793202067979,64.5033549664503,2.9149708502915,"Muy bajo"
"122",30,"Veracruz de Ignacio de la Llave",122,"Pajapan",0,"Total del Municipio","2755","3640","341","181","3703","415","5566","728","4942",6695,6.19865571321882,55.3099327856609,54.3689320388349,5.09335324869306,73.8162808065721,10.873786407767,"Muy bajo"
"123",30,"Veracruz de Ignacio de la Llave",123,"Pánuco",0,"Total del Municipio","17253","25802","5878","6160","25521","9631","28374","483","17030",34667,27.7814636397727,73.6175613696022,74.4281304987452,16.9556061960943,49.1245276487726,1.39325583407852,"alto"
"124",30,"Veracruz de Ignacio de la Llave",124,"Papantla",0,"Total del Municipio","30868","40047","8030","10147","34917","15449","45459","1645","28536",53836,28.6964113232781,64.8580875250762,74.3870272679991,14.9156698120217,53.0054238799316,3.05557619436808,"alto"
"125",30,"Veracruz de Ignacio de la Llave",125,"Paso del Macho",0,"Total del Municipio","5391","8127","1416","991","7513","1997","9129","312","6597",11328,17.628884180791,66.3223870056497,71.7425847457627,12.5,58.2362288135593,2.75423728813559,"bajo"
"126",30,"Veracruz de Ignacio de la Llave",126,"Paso de Ovejas",0,"Total del Municipio","7034","9493","1817","1927","8352","3587","10626","406","6588",13295,26.980067694622,62.8206092515983,71.4027830011282,13.6667920270778,49.5524633320797,3.05377961639714,"medio"
"127",30,"Veracruz de Ignacio de la Llave",127,"La Perla",0,"Total del Municipio","2928","4549","116","320","2602","419","6348","1164","5872",7659,5.47068807938373,33.9731035383209,59.3941767854811,1.51455803629717,76.6679723201462,15.1978065021543,"Muy bajo"
"128",30,"Veracruz de Ignacio de la Llave",128,"Perote",0,"Total del Municipio","14330","18023","4533","4319","16167","7962","19092","246","10344",24493,32.5072469685216,66.0066141346507,73.584289388805,18.507328624505,42.2324745845752,1.00436859510881,"alto"
"129",30,"Veracruz de Ignacio de la Llave",129,"Platón Sánchez",0,"Total del Municipio","3022","4213","709","1005","3967","833","5193","333","4139",6063,13.7390730661389,65.429655286162,69.4870526142174,11.6938809170378,68.2665347187861,5.49233052944087,"bajo"
"130",30,"Veracruz de Ignacio de la Llave",130,"Playa Vicente",0,"Total del Municipio","5843","9136","1153","2249","8600","3825","11597","837","7438",15633,24.4674726540012,55.0118339410222,58.4404784750208,7.37542378302309,47.5788396341073,5.35405872193437,"medio"
"131",30,"Veracruz de Ignacio de la Llave",131,"Poza Rica de Hidalgo",0,"Total del Municipio","35497","51512","24101","26065","52011","35448","56959","921","19264",70940,49.9689878770792,73.3168875105723,72.613476177051,33.9737806597124,27.1553425429941,1.29828023681985,"alto"
"132",30,"Veracruz de Ignacio de la Llave",132,"Las Vigas de Ramírez",0,"Total del Municipio","3149","4711","661","544","3843","982","5070","124","3909",6293,15.6046400762752,61.0678531701891,74.860956618465,10.5037343079612,62.1166375337677,1.97044334975369,"bajo"
"133",30,"Veracruz de Ignacio de la Llave",133,"Pueblo Viejo",0,"Total del Municipio","12124","15044","3748","3949","15019","7224","16522","240","8557",19341,37.3507057546146,77.6536890543405,77.7829481412543,19.3785223101184,44.2428002688589,1.24088723437258,"alto"
"134",30,"Veracruz de Ignacio de la Llave",134,"Puente Nacional",0,"Total del Municipio","5033","6814","1680","1923","6023","2942","7536","207","4218",9493,30.9912567154746,63.4467502370167,71.7792057305383,17.6972506057095,44.4327399136206,2.1805540924892,"alto"
"135",30,"Veracruz de Ignacio de la Llave",135,"Rafael Delgado",0,"Total del Municipio","3843","5196","1182","935","4967","1629","6016","262","4069",7023,23.1952157197779,70.7247614979353,73.9854762921828,16.8304143528407,57.9382030471309,3.73059945892069,"medio"
"136",30,"Veracruz de Ignacio de la Llave",136,"Rafael Lucio",0,"Total del Municipio","1612","1917","397","503","1654","806","2112","63","1236",2682,30.0521998508576,61.6703952274422,71.4765100671141,14.8023862788963,46.0850111856823,2.3489932885906,"alto"
"137",30,"Veracruz de Ignacio de la Llave",137,"Los Reyes",0,"Total del Municipio","1002","1018","43","24","903","55","1638","235","1555",1950,2.82051282051282,46.3076923076923,52.2051282051282,2.2051282051282,79.7435897435898,12.0512820512821,"Muy bajo"
"138",30,"Veracruz de Ignacio de la Llave",138,"Río Blanco",0,"Total del Municipio","9229","11538","5022","5503","11013","6911","12339","129","4725",14216,48.614237478897,77.4690489589195,81.1620709060214,35.3263927968486,33.2371975239167,0.907428249859313,"alto"
"139",30,"Veracruz de Ignacio de la Llave",139,"Saltabarranca",0,"Total del Municipio","1092","1803","270","388","1616","541","2057","105","1458",2415,22.4016563146998,66.9151138716356,74.6583850931677,11.1801242236025,60.3726708074534,4.34782608695652,"medio"
"140",30,"Veracruz de Ignacio de la Llave",140,"San Andrés Tenejapan",0,"Total del Municipio","413","566","44","7","409","140","743","81","569",832,16.8269230769231,49.1586538461538,68.0288461538462,5.28846153846154,68.3894230769231,9.73557692307692,"bajo"
"141",30,"Veracruz de Ignacio de la Llave",141,"San Andrés Tuxtla",0,"Total del Municipio","30523","38643","6969","9117","34632","12214","44798","2031","30832",55560,21.983441324694,62.3326133909287,69.5518358531317,12.5431965442765,55.4931605471562,3.65550755939525,"medio"
"142",30,"Veracruz de Ignacio de la Llave",142,"San Juan Evangelista",0,"Total del Municipio","5273","7720","845","1772","7128","1625","9517","628","7585",11761,13.8168523084772,60.6070912337386,65.6406768131962,7.18476320040813,64.4928152367996,5.33968199982995,"bajo"
"143",30,"Veracruz de Ignacio de la Llave",143,"Santiago Tuxtla",0,"Total del Municipio","9786","14049","1607","2041","12456","2865","16706","1075","13288",20478,13.9906240843832,60.8262525637269,68.605332552007,7.84744603965231,64.8891493309894,5.24953608750855,"bajo"
"144",30,"Veracruz de Ignacio de la Llave",144,"Sayula de Alemán",0,"Total del Municipio","4318","6973","991","1281","6909","1697","8936","611","6817",10488,16.1803966437834,65.8752860411899,66.4855072463768,9.4488939740656,64.9980930587338,5.8257055682685,"bajo"
"145",30,"Veracruz de Ignacio de la Llave",145,"Soconusco",0,"Total del Municipio","2771","4086","1025","1013","4237","1440","5008","214","3302",5970,24.1206030150754,70.9715242881072,68.4422110552764,17.1691792294807,55.3098827470687,3.58458961474037,"medio"
"146",30,"Veracruz de Ignacio de la Llave",146,"Sochiapa",0,"Total del Municipio","697","818","88","56","772","100","941","24","799",1172,8.53242320819113,65.8703071672355,69.7952218430034,7.50853242320819,68.1740614334471,2.04778156996587,"Muy bajo"
"147",30,"Veracruz de Ignacio de la Llave",147,"Soledad Atzompa",0,"Total del Municipio","2034","4226","136","332","3818","542","5595","557","4955",6352,8.53274559193955,60.1070528967254,66.5302267002519,2.14105793450882,78.0069269521411,8.76889168765743,"Muy bajo"
"148",30,"Veracruz de Ignacio de la Llave",148,"Soledad de Doblado",0,"Total del Municipio","5422","7634","1169","1414","6441","2291","8505","336","5957",10573,21.6684006431476,60.9193228033671,72.2027806677386,11.0564645795895,56.3416248935969,3.17790598694789,"medio"
"149",30,"Veracruz de Ignacio de la Llave",149,"Soteapan",0,"Total del Municipio","2792","6216","321","314","5748","1774","9362","1552","7457",11175,15.8747203579418,51.4362416107383,55.6241610738255,2.87248322147651,66.7293064876958,13.8881431767338,"bajo"
"150",30,"Veracruz de Ignacio de la Llave",150,"Tamalín",0,"Total del Municipio","1904","2865","413","467","2842","708","3524","192","2673",4145,17.08082026538,68.5645355850422,69.1194209891435,9.96381182147165,64.4873341375151,4.63208685162847,"bajo"
"151",30,"Veracruz de Ignacio de la Llave",151,"Tamiahua",0,"Total del Municipio","4443","6565","721","1159","5248","809","7430","354","6255",9368,8.63578138343296,56.0204953031597,70.0789923142613,7.69641332194705,66.7698548249359,3.77882152006832,"Muy bajo"
"152",30,"Veracruz de Ignacio de la Llave",152,"Tampico Alto",0,"Total del Municipio","1896","3311","350","338","3306","363","3820","148","3295",5085,7.13864306784661,65.0147492625369,65.1130776794494,6.88298918387414,64.7984267453294,2.91052114060964,"Muy bajo"
"153",30,"Veracruz de Ignacio de la Llave",153,"Tancoco",0,"Total del Municipio","1160","1592","197","179","1528","235","1831","77","1511",2292,10.2530541012216,66.6666666666667,69.4589877835951,8.59511343804538,65.9249563699825,3.35951134380454,"Muy bajo"
"154",30,"Veracruz de Ignacio de la Llave",154,"Tantima",0,"Total del Municipio","2012","2877","259","304","2692","408","3688","281","3165",4383,9.30869267624914,61.4191193246635,65.6399726214921,5.90919461556012,72.2108145106092,6.41113392653434,"Muy bajo"
"155",30,"Veracruz de Ignacio de la Llave",155,"Tantoyuca",0,"Total del Municipio","18255","20588","3532","3057","21292","4126","27305","1857","21931",31722,13.0067461068028,67.1206103019986,64.9013303070424,11.1342286110586,69.1349851837841,5.85398146396822,"bajo"
"156",30,"Veracruz de Ignacio de la Llave",156,"Tatatila",0,"Total del Municipio","856","1121","74","163","853","466","1472","163","990",1993,23.3818364274962,42.7997992975414,56.2468640240843,3.71299548419468,49.6738585047667,8.17862518815855,"medio"
"157",30,"Veracruz de Ignacio de la Llave",157,"Castillo de Teayo",0,"Total del Municipio","3091","4719","651","1375","4061","1164","5623","311","4198",6347,18.3393729320939,63.9829840869702,74.3500866551127,10.2568142429494,66.1414841657476,4.89995273357492,"bajo"
"158",30,"Veracruz de Ignacio de la Llave",158,"Tecolutla",0,"Total del Municipio","4247","6681","885","1480","5921","1675","7569","268","5568",11333,14.7798464660725,52.2456542839495,58.9517338745257,7.80905320744728,49.1308567899056,2.3647754345716,"bajo"
"159",30,"Veracruz de Ignacio de la Llave",159,"Tehuipango",0,"Total del Municipio","1859","3342","114","66","3725","1356","5693","1032","4293",6694,20.256946519271,55.6468479235136,49.925306244398,1.70301762772632,64.1320585599044,15.4167911562593,"medio"
"160",30,"Veracruz de Ignacio de la Llave",160,"Álamo Temapache",0,"Total del Municipio","19806","26318","4126","6639","23073","6629","30023","999","21778",35222,18.8206234739651,65.5073533586963,74.7203452387712,11.7142694906592,61.8306740105616,2.83629549713247,"bajo"
"161",30,"Veracruz de Ignacio de la Llave",161,"Tempoal",0,"Total del Municipio","6033","8044","1139","1802","7682","1412","10052","599","8220",11863,11.9025541599933,64.7559639214364,67.8074685998483,9.6012812947821,69.29107308438,5.04931298996881,"bajo"
"162",30,"Veracruz de Ignacio de la Llave",162,"Tenampa",0,"Total del Municipio","1090","1411","107","250","1006","341","1704","142","1340",2082,16.3784822286263,48.3189241114313,67.7713736791546,5.13928914505283,64.3611911623439,6.82036503362152,"bajo"
"163",30,"Veracruz de Ignacio de la Llave",163,"Tenochtitlán",0,"Total del Municipio","660","956","115","183","989","180","1298","98","1072",1672,10.7655502392345,59.1507177033493,57.177033492823,6.87799043062201,64.1148325358852,5.86124401913876,"Muy bajo"
"164",30,"Veracruz de Ignacio de la Llave",164,"Teocelo",0,"Total del Municipio","3871","4397","1319","1259","3928","1720","4900","111","2890",5983,28.7481196724051,65.652682600702,73.491559418352,22.0457964231991,48.3035266588668,1.85525656025405,"alto"
"165",30,"Veracruz de Ignacio de la Llave",165,"Tepatlaxco",0,"Total del Municipio","1610","1876","214","383","1338","716","2373","177","1600",2807,25.5076594228714,47.6665479159245,66.8329177057357,7.6237976487353,57.0003562522266,6.30566441040256,"medio"
"166",30,"Veracruz de Ignacio de la Llave",166,"Tepetlán",0,"Total del Municipio","2013","2505","176","313","1794","528","2797","94","2192",3698,14.2779881016766,48.512709572742,67.7393185505679,4.75932936722553,59.2752839372634,2.54191454840454,"bajo"
"167",30,"Veracruz de Ignacio de la Llave",167,"Tepetzintla",0,"Total del Municipio","2429","3687","391","467","3157","310","4216","192","3688",4916,6.30593978844589,64.2188771358828,75,7.95362082994304,75.020341741253,3.90561432058584,"Muy bajo"
"168",30,"Veracruz de Ignacio de la Llave",168,"Tequila",0,"Total del Municipio","2267","2514","252","82","2417","295","4104","626","3673",4641,6.35638870932989,52.0792932557639,54.169360051713,5.42986425339367,79.1424262012497,13.4884723120017,"Muy bajo"
"169",30,"Veracruz de Ignacio de la Llave",169,"José Azueta",0,"Total del Municipio","3499","6087","652","999","5756","1016","7302","399","6004",9500,10.6947368421053,60.5894736842105,64.0736842105263,6.86315789473684,63.2,4.2,"Muy bajo"
"170",30,"Veracruz de Ignacio de la Llave",170,"Texcatepec",0,"Total del Municipio","1683","1622","106","138","747","158","2846","593","2599",3640,4.34065934065934,20.521978021978,44.5604395604396,2.91208791208791,71.4010989010989,16.2912087912088,"Muy bajo"
"171",30,"Veracruz de Ignacio de la Llave",171,"Texhuacán",0,"Total del Municipio","857","1049","93","38","1123","67","1449","113","1326",1816,3.68942731277533,61.8392070484581,57.7643171806167,5.12114537444934,73.0176211453744,6.22246696035242,"Muy bajo"
"172",30,"Veracruz de Ignacio de la Llave",172,"Texistepec",0,"Total del Municipio","2746","4417","527","711","3969","845","5763","512","4678",6817,12.3954818835265,58.2220918292504,64.7938976089189,7.73067331670823,68.622561243949,7.51063517676397,"bajo"
"173",30,"Veracruz de Ignacio de la Llave",173,"Tezonapa",0,"Total del Municipio","7581","11362","1299","2261","9722","2333","15416","1753","12599",17868,13.0568614282516,54.4101186478621,63.5885381687934,7.26997985224983,70.5115289903738,9.81083501231251,"bajo"
"174",30,"Veracruz de Ignacio de la Llave",174,"Tierra Blanca",0,"Total del Municipio","18063","26524","6057","6141","26159","11601","30807","1082","17969",39168,29.6185661764706,66.7866625816993,67.718545751634,15.4641544117647,45.8767361111111,2.7624591503268,"alto"
"175",30,"Veracruz de Ignacio de la Llave",175,"Tihuatlán",0,"Total del Municipio","15868","22690","4594","5854","21196","7652","26204","1097","17433",30625,24.9861224489796,69.2114285714286,74.0897959183674,15.0008163265306,56.9240816326531,3.58204081632653,"medio"
"176",30,"Veracruz de Ignacio de la Llave",176,"Tlacojalpan",0,"Total del Municipio","879","1223","166","227","1169","383","1472","82","1030",1948,19.6611909650924,60.0102669404517,62.782340862423,8.52156057494867,52.8747433264887,4.20944558521561,"medio"
"177",30,"Veracruz de Ignacio de la Llave",177,"Tlacolulan",0,"Total del Municipio","1875","2312","210","152","1750","498","2821","169","2249",3508,14.1961231470924,49.8859749144812,65.9064994298746,5.98631698973774,64.1106043329532,4.8175598631699,"bajo"
"178",30,"Veracruz de Ignacio de la Llave",178,"Tlacotalpan",0,"Total del Municipio","3027","4019","820","939","3630","1415","4424","126","2856",5837,24.2419050882303,62.1894808977214,68.8538632859346,14.0483124892924,48.9292444749015,2.15864313859859,"medio"
"179",30,"Veracruz de Ignacio de la Llave",179,"Tlacotepec de Mejía",0,"Total del Municipio","877","1078","145","48","1055","153","1218","37","1000",1689,9.05861456483126,62.4629958555358,63.8247483718176,8.58496151568976,59.206631142688,2.19064535227946,"Muy bajo"
"180",30,"Veracruz de Ignacio de la Llave",180,"Tlachichilco",0,"Total del Municipio","1671","1891","170","237","1124","595","3040","554","2382",3559,16.7181792638382,31.5819050295027,53.1329025007024,4.7766226468109,66.9289126159033,15.5661702725485,"bajo"
"181",30,"Veracruz de Ignacio de la Llave",181,"Tlalixcoyan",0,"Total del Municipio","8065","10778","1624","931","10179","3665","12538","560","8468",15889,23.0662722638303,64.0631883693121,67.8330920762792,10.2209075461011,53.2947322046699,3.52445087796589,"medio"
"182",30,"Veracruz de Ignacio de la Llave",182,"Tlalnelhuayocan",0,"Total del Municipio","3577","4438","1317","1070","4251","2140","4996","129","2605",5782,37.0114147353857,73.521272915946,76.7554479418886,22.7775856105154,45.0536146662055,2.23106191629194,"alto"
"183",30,"Veracruz de Ignacio de la Llave",183,"Tlapacoyan",0,"Total del Municipio","10350","15722","2959","3986","15069","6099","17505","467","10700",21688,28.1215418664699,69.4808188860199,72.4917004795279,13.6434894872741,49.336038362228,2.15326447805238,"alto"
"184",30,"Veracruz de Ignacio de la Llave",184,"Tlaquilpa",0,"Total del Municipio","921","1096","49","29","1356","104","1897","289","1766",2251,4.62016881386051,60.2398933807197,48.6894713460684,2.17681030653043,78.4540204353621,12.8387383385162,"Muy bajo"
"185",30,"Veracruz de Ignacio de la Llave",185,"Tlilapan",0,"Total del Municipio","785","1087","238","188","963","342","1360","156","962",1651,20.7147183525136,58.328285887341,65.8388855239249,14.4155057540884,58.2677165354331,9.44881889763779,"medio"
"186",30,"Veracruz de Ignacio de la Llave",186,"Tomatlán",0,"Total del Municipio","1415","1816","374","375","1678","828","2091","69","1184",2471,33.5087009307972,67.9077296641036,73.4925131525698,15.1355726426548,47.9158235532173,2.7923917442331,"alto"
"187",30,"Veracruz de Ignacio de la Llave",187,"Tonayán",0,"Total del Municipio","951","1102","58","76","775","187","1393","100","1161",1738,10.7594936708861,44.5914844649022,63.4062140391254,3.33716915995397,66.800920598389,5.75373993095512,"Muy bajo"
"188",30,"Veracruz de Ignacio de la Llave",188,"Totutla",0,"Total del Municipio","3366","4096","582","619","3234","1193","4599","181","3245",5416,22.0273264401773,59.711964549483,75.6277695716396,10.7459379615953,59.9150664697193,3.34194977843427,"medio"
"189",30,"Veracruz de Ignacio de la Llave",189,"Tuxpan",0,"Total del Municipio","33480","42612","15432","14632","41125","23284","46511","858","20844",59430,39.1788658926468,69.1990577149588,71.7011610297829,25.9666834931853,35.0731953558809,1.4437152953054,"alto"
"190",30,"Veracruz de Ignacio de la Llave",190,"Tuxtilla",0,"Total del Municipio","521","716","113","168","594","176","824","38","600",1036,16.988416988417,57.3359073359073,69.1119691119691,10.9073359073359,57.9150579150579,3.66795366795367,"bajo"
"191",30,"Veracruz de Ignacio de la Llave",191,"Ursulo Galván",0,"Total del Municipio","7225","9275","2880","3100","8608","5296","9916","143","4153",13126,40.3474021026969,65.5797653512113,70.6612829498705,21.9411854334908,31.6394941337803,1.08944080451013,"alto"
"192",30,"Veracruz de Ignacio de la Llave",192,"Vega de Alatorre",0,"Total del Municipio","3171","5546","1202","1381","5499","2026","6549","277","4231",8479,23.8943271612218,64.8543460313716,65.4086566812124,14.1762000235877,49.8997523292841,3.26689468097653,"medio"
"193",30,"Veracruz de Ignacio de la Llave",193,"Veracruz",0,"Total del Municipio","141565","188075","82520","74759","188746","127192","202082","1914","66260",280373,45.3652812503344,67.3196063814989,67.0802823381709,29.4322206489213,23.6328034439835,0.682662025230675,"alto"
"194",30,"Veracruz de Ignacio de la Llave",194,"Villa Aldama",0,"Total del Municipio","1951","2682","328","375","2202","747","2937","62","2097",3710,20.1347708894879,59.3530997304582,72.2911051212938,8.84097035040431,56.5229110512129,1.6711590296496,"medio"
"195",30,"Veracruz de Ignacio de la Llave",195,"Xoxocotla",0,"Total del Municipio","332","854","12","15","787","31","1500","381","1462",1716,1.80652680652681,45.8624708624709,49.7668997668998,0.699300699300699,85.1981351981352,22.2027972027972,"Muy bajo"
"196",30,"Veracruz de Ignacio de la Llave",196,"Yanga",0,"Total del Municipio","3389","4900","1178","1670","4487","2557","5533","188","2744",7240,35.3176795580111,61.975138121547,67.6795580110497,16.2707182320442,37.9005524861878,2.59668508287293,"alto"
"197",30,"Veracruz de Ignacio de la Llave",197,"Yecuatla",0,"Total del Municipio","1888","2562","382","564","2475","661","3310","198","2472",4249,15.5566015533067,58.2489997646505,60.2965403624382,8.99035067074606,58.1783949164509,4.65991998117204,"bajo"
"198",30,"Veracruz de Ignacio de la Llave",198,"Zacualpan",0,"Total del Municipio","1255","1282","128","64","1240","124","1997","258","1803",2771,4.47491880187658,44.7491880187658,46.2648863226272,4.61927102129195,65.0667629014796,9.31071815229159,"Muy bajo"
"199",30,"Veracruz de Ignacio de la Llave",199,"Zaragoza",0,"Total del Municipio","1516","2299","350","34","2517","666","3166","271","2353",3383,19.6866686373042,74.4014188590009,67.9574342299734,10.3458468814662,69.553650605971,8.01064144250665,"medio"
"200",30,"Veracruz de Ignacio de la Llave",200,"Zentla",0,"Total del Municipio","2566","3098","465","649","2827","884","3486","100","2462",4462,19.8117436127297,63.35723890632,69.4307485432542,10.4213357238906,55.1770506499328,2.24114746750336,"medio"
"201",30,"Veracruz de Ignacio de la Llave",201,"Zongolica",0,"Total del Municipio","6530","8042","1177","822","6444","1887","12233","1875","9983",14300,13.1958041958042,45.0629370629371,56.2377622377622,8.23076923076923,69.8111888111888,13.1118881118881,"bajo"
"202",30,"Veracruz de Ignacio de la Llave",202,"Zontecomatlán de López y Fuentes",0,"Total del Municipio","1559","1928","130","164","1068","188","3954","1287","3688",4602,4.0851803563668,23.2073011734029,41.8948283355063,2.82485875706215,80.1390699695784,27.9661016949153,"Muy bajo"
"203",30,"Veracruz de Ignacio de la Llave",203,"Zozocolco de Hidalgo",0,"Total del Municipio","2308","2455","302","48","2821","716","3605","293","2787",4307,16.6241003018342,65.4980264685396,57.0002321801718,7.01184118876248,64.7086138843743,6.80287903413049,"bajo"
"204",30,"Veracruz de Ignacio de la Llave",204,"Agua Dulce",0,"Total del Municipio","8691","12138","3879","4740","12275","6012","13724","336","6988",16762,35.8668416656724,73.2311180050113,72.4137931034483,23.141629877103,41.6895358549099,2.00453406514736,"alto"
"205",30,"Veracruz de Ignacio de la Llave",205,"El Higo",0,"Total del Municipio","2723","4931","834","826","4758","1217","5589","198","4048",6575,18.5095057034221,72.3650190114068,74.9961977186312,12.6844106463878,61.5665399239544,3.01140684410646,"bajo"
"206",30,"Veracruz de Ignacio de la Llave",206,"Nanchital de Lázaro Cárdenas del Río",0,"Total del Municipio","6067","8278","3376","3910","8283","5167","8979","118","3381",10543,49.0088210186854,78.5639760978849,78.516551266243,32.0212463245756,32.0686711562174,1.11922602674761,"alto"
"207",30,"Veracruz de Ignacio de la Llave",207,"Tres Valles",0,"Total del Municipio","8055","11948","2329","2144","12114","4165","14166","587","9378",18864,22.0790924512299,64.2175572519084,63.3375742154368,12.3462680237489,49.7137404580153,3.11174724342663,"medio"
"208",30,"Veracruz de Ignacio de la Llave",208,"Carlos A. Carrillo",0,"Total del Municipio","5809","7074","1805","2537","6748","3523","7826","186","3958",9319,37.8044854598133,72.4112029187681,75.909432342526,19.3690310119112,42.4723682798584,1.99592230926065,"alto"
"209",30,"Veracruz de Ignacio de la Llave",209,"Tatahuicapan de Juárez",0,"Total del Municipio","1115","2746","247","32","2629","344","4341","881","3839",5156,6.67183863460047,50.989138867339,53.2583397982932,4.79053529868115,74.4569433669511,17.0868890612878,"Muy bajo"
"210",30,"Veracruz de Ignacio de la Llave",210,"Uxpanapa",0,"Total del Municipio","1922","5457","639","1131","3915","1385","7758","1212","6058",9403,14.7293416994576,41.6356481973838,58.0346697862384,6.79570349888334,64.4262469424652,12.8895033499947,"bajo"
"211",30,"Veracruz de Ignacio de la Llave",211,"San Rafael",0,"Total del Municipio","5077","8528","1622","2427","7806","3176","9387","248","5802",11563,27.4669203493903,67.5084320678025,73.7524863789674,14.0275015134481,50.1772896307187,2.14477211796247,"alto"
"212",30,"Veracruz de Ignacio de la Llave",212,"Santiago Sochiapan",0,"Total del Municipio","1227","2416","156","904","1765","150","3600","542","3332",4511,3.32520505431168,39.1265794724008,53.5579694081135,3.45821325648415,73.8638882731102,12.0150742629129,"Muy bajo"
